接口编号,工具形式,管路安装阶段结果,螺母扳手或套筒方位_deg,反力扳手方位_deg,采用独立夹角,最少遮挡姿态中的零件
STK.AI,双套筒,找到无碰撞包络姿态,240,,否,
STK.AO,双套筒,找到无碰撞包络姿态,0,,否,
STK.HI,双开口扳手,找到无碰撞包络姿态,60,240,否,
STK.HO,双开口扳手,找到无碰撞包络姿态,45,225,否,
STK.CI,双开口扳手,未找到无碰撞包络姿态,30,210,否,空气接头固定半体（STK.AI） [UnionBody_STK_AI]；空气接头开口卡箍（STK.AI） [UnionClamp_STK_AI]
STK.CO,双开口扳手,未找到无碰撞包络姿态,90,270,否,空气接头管侧半体（STK.AO） [UnionTail_STK_AO]；空气接头开口卡箍（AIR_IN.PORT） [UnionClamp_AIR_IN_PORT]；卡箍紧固螺栓（AIR_IN.PORT） [UnionBolt_AIR_IN_PORT]；氢气管路035｜固态储氢模块（MH201）—XV/PCV/CV-201·床支路隔离比例止回 [Pipe035]
AF.I,双套筒,找到无碰撞包络姿态,105,,否,
AF.O,双套筒,找到无碰撞包络姿态,75,,否,
CP.I,双套筒,找到无碰撞包络姿态,300,,否,
CP.O,双套筒,找到无碰撞包络姿态,75,,否,
AH.I,双套筒,找到无碰撞包络姿态,0,,否,
AH.O,双套筒,找到无碰撞包络姿态,15,,否,
AH.F,双开口扳手,未找到无碰撞包络姿态,105,285,否,卡箍六角螺母（AH.O） [UnionClampNut_AH_O]；主冷却液管路019｜TK-301·独立主路膨胀罐—CR-301·主液回流汇集 [Pipe019]；储氢床冷却液管路033｜TK-401·独立次路膨胀罐—BR-401·床路回流阀组 [Pipe033]
AH.E,双开口扳手,未找到无碰撞包络姿态,120,300,否,主冷却液管路023｜HX-101·板翅空气调温器—CR-301·主液回流汇集 [Pipe023]；储氢床冷却液管路033｜TK-401·独立次路膨胀罐—BR-401·床路回流阀组 [Pipe033]
AV.I,双套筒,未找到无碰撞包络姿态,105,,否,独立次路膨胀罐（TK-401） [TKbed]
AV.O,双套筒,找到无碰撞包络姿态,75,,否,
BP.I,双套筒,未找到无碰撞包络姿态,15,,否,钛酸锂启动电池组（BAT-101，20串2并） [Battery]
BP.O,双套筒,找到无碰撞包络姿态,300,,否,
SEP.I,双开口扳手,未找到无碰撞包络姿态,0,180,否,伴热阳极分水器（SEP-201） [Separator]；活接可旋转螺母（SEP.O） [UnionNut_SEP_O]；活接固定端与反力六角（SEP.D） [UnionBody_SEP_D]
SEP.O,双开口扳手,未找到无碰撞包络姿态,255,75,否,分层安装托板_阴极背压阀（BPV-101） [Subtray_BackPressure]；氢气管路043｜固态储氢模块（MH203）—XV/PCV/CV-203·床支路隔离比例止回 [Pipe043]；氢气管路036｜XV/PCV/CV-201·床支路隔离比例止回—HM-201·六路止回合流 [Pipe036]
SEP.DRAIN,双开口扳手,未找到无碰撞包络姿态,270,90,否,氢气管路044｜XV/PCV/CV-203·床支路隔离比例止回—HM-201·六路止回合流 [Pipe044]
SEP.D,双开口扳手,找到无碰撞包络姿态,285,105,否,
SEP.C,双开口扳手,找到无碰撞包络姿态,0,180,否,
RC.I,双开口扳手,未找到无碰撞包络姿态,30,210,否,双级减压·切断·比例·止回（REG-205） [Reg205]；分层托板支柱_BackPressure [Standoff_BackPressure_0]
RC.O,双开口扳手,未找到无碰撞包络姿态,150,330,否,独立次路膨胀罐（TK-401） [TKbed]；去离子旁路（DI-301） [DI]
HH.I,双开口扳手,未找到无碰撞包络姿态,75,255,否,空气管路002｜CP-101·独立切向出风接管—HX-101·板翅空气调温器 [Pipe002]
HH.O,双开口扳手,未找到无碰撞包络姿态,60,240,否,空气管路002｜CP-101·独立切向出风接管—HX-101·板翅空气调温器 [Pipe002]；主冷却液管路025｜HX-201·双壁氢伴热器—CR-301·主液回流汇集 [Pipe025]
HH.B,双开口扳手,未找到无碰撞包络姿态,90,270,否,活接可旋转螺母（HH.A） [UnionNut_HH_A]；空气管路002｜CP-101·独立切向出风接管—HX-101·板翅空气调温器 [Pipe002]；空气管路003｜HX-101·板翅空气调温器—XV-101·空气截止与计量 [Pipe003]
HH.A,双开口扳手,未找到无碰撞包络姿态,255,75,否,活接可旋转螺母（HH.B） [UnionNut_HH_B]；空气管路002｜CP-101·独立切向出风接管—HX-101·板翅空气调温器 [Pipe002]
MX.I,双开口扳手,未找到无碰撞包络姿态,255,75,否,80根中空扁管·4排×20层（R-301） [RadiatorFlatTubes]；19层波纹翅片·0.18mm厚·10mm节距（R-301） [RadiatorCorrugatedFins]
MX.R,双开口扳手,未找到无碰撞包络姿态,240,60,否,80根中空扁管·4排×20层（R-301） [RadiatorFlatTubes]；19层波纹翅片·0.18mm厚·10mm节距（R-301） [RadiatorCorrugatedFins]
MX.O,双开口扳手,未找到无碰撞包络姿态,225,45,否,80根中空扁管·4排×20层（R-301） [RadiatorFlatTubes]；19层波纹翅片·0.18mm厚·10mm节距（R-301） [RadiatorCorrugatedFins]
MP.I,双开口扳手,未找到无碰撞包络姿态,330,150,否,双级减压·切断·比例·止回（REG-205） [Reg205]；储氢床冷却液管路055｜BS-401·床路选择阀组—REG-205·双级减压·切断·比例·止回 [Pipe055]
MP.O,双开口扳手,未找到无碰撞包络姿态,135,315,否,储氢床冷却液管路041｜BS-401·床路选择阀组—固态储氢模块（MH202） [Pipe041]
BPU.I,双开口扳手,找到无碰撞包络姿态,285,15,是,
BPU.O,双开口扳手,未找到无碰撞包络姿态,120,300,否,分层托板支柱_BackPressure [Standoff_BackPressure_0]
HX.MI,双开口扳手,未找到无碰撞包络姿态,105,285,否,低压缓冲计量切断（H2-201） [Mix]；主液热供分配（CH-301） [HotHeader]；活接固定端与反力六角（MX.I） [UnionBody_MX_I]；活接固定端与反力六角（HOT.AH） [UnionBody_HOT_AH]；活接管侧端与承压凸缘（HOT.AH） [UnionTail_HOT_AH]；活接端面密封圈（HOT.AH） [UnionSeal_HOT_AH]；活接可旋转螺母（HOT.AH） [UnionNut_HOT_AH]；主冷却液管路022｜CH-301·主液热供分配—HX-101·板翅空气调温器 [Pipe022]
HX.MO,双开口扳手,未找到无碰撞包络姿态,330,150,否,双壁液液隔离（HX-301） [Isolation]；散热旁通三通（TV-302） [TV2]；活接固定端与反力六角（HX.BI） [UnionBody_HX_BI]；活接可旋转螺母（HX.BI） [UnionNut_HX_BI]；主冷却液管路034｜TV-301·余热分配三通—TV-302·散热旁通三通 [Pipe034]；主冷却液管路015｜TV-301·余热分配三通—HX-301·双壁液液隔离 [Pipe015]
HX.BI,双开口扳手,未找到无碰撞包络姿态,150,330,否,双壁液液隔离（HX-301） [Isolation]；活接固定端与反力六角（HX.MO） [UnionBody_HX_MO]；活接可旋转螺母（HX.MO） [UnionNut_HX_MO]；活接固定端与反力六角（HX.BO） [UnionBody_HX_BO]；活接管侧端与承压凸缘（HX.BO） [UnionTail_HX_BO]；活接端面密封圈（HX.BO） [UnionSeal_HX_BO]；活接可旋转螺母（HX.BO） [UnionNut_HX_BO]；空气管路002｜CP-101·独立切向出风接管—HX-101·板翅空气调温器 [Pipe002]
HX.BO,双开口扳手,未找到无碰撞包络姿态,150,330,否,双壁液液隔离（HX-301） [Isolation]；活接固定端与反力六角（HX.BI） [UnionBody_HX_BI]；活接可旋转螺母（HX.BI） [UnionNut_HX_BI]
TV1.I,双开口扳手,找到无碰撞包络姿态,120,300,否,
TV1.HX,双开口扳手,未找到无碰撞包络姿态,90,270,否,主液热供分配（CH-301） [HotHeader]；分层安装托板_散热旁通三通（TV-302） [Subtray_TV2]
TV1.BY,双开口扳手,未找到无碰撞包络姿态,105,285,否,分层安装托板_散热旁通三通（TV-302） [Subtray_TV2]
TV2.I,双开口扳手,找到无碰撞包络姿态,75,345,是,
TV2.RAD,双开口扳手,未找到无碰撞包络姿态,330,150,否,散热旁通三通（TV-302） [TV2]；侧水室与框架·前后通风（R-301） [Radiator]；活接固定端与反力六角（TV2.BY） [UnionBody_TV2_BY]；活接可旋转螺母（TV2.BY） [UnionNut_TV2_BY]；活接可旋转螺母（TV2.SHORT） [UnionNut_TV2_SHORT]
TV2.BY,双开口扳手,未找到无碰撞包络姿态,240,60,否,80根中空扁管·4排×20层（R-301） [RadiatorFlatTubes]；19层波纹翅片·0.18mm厚·10mm节距（R-301） [RadiatorCorrugatedFins]；主冷却液管路015｜TV-301·余热分配三通—HX-301·双壁液液隔离 [Pipe015]
TKM.FILL,双开口扳手,找到无碰撞包络姿态,135,315,否,
TKM.RET,双开口扳手,找到无碰撞包络姿态,45,225,否,
TKB.FILL,双开口扳手,未找到无碰撞包络姿态,315,135,否,氢气管路011｜HCP-201·湿氢循环泵—H2-201·低压缓冲计量切断 [Pipe011]；储氢床冷却液管路045｜BS-401·床路选择阀组—固态储氢模块（MH203） [Pipe045]
TKB.RET,双开口扳手,未找到无碰撞包络姿态,150,330,否,双级减压·切断·比例·止回（REG-206） [Reg206]
DI.I,双开口扳手,未找到无碰撞包络姿态,15,195,否,去离子旁路（DI-301） [DI]；氢气管路010｜SEP-201·伴热阳极分水器—HCP-201·湿氢循环泵 [Pipe010]；氢气管路040｜XV/PCV/CV-202·床支路隔离比例止回—HM-201·六路止回合流 [Pipe040]；氢气管路011｜HCP-201·湿氢循环泵—H2-201·低压缓冲计量切断 [Pipe011]；氢气管路036｜XV/PCV/CV-201·床支路隔离比例止回—HM-201·六路止回合流 [Pipe036]
DI.O,双开口扳手,未找到无碰撞包络姿态,15,195,否,氢气管路040｜XV/PCV/CV-202·床支路隔离比例止回—HM-201·六路止回合流 [Pipe040]；氢气管路011｜HCP-201·湿氢循环泵—H2-201·低压缓冲计量切断 [Pipe011]；氢气管路036｜XV/PCV/CV-201·床支路隔离比例止回—HM-201·六路止回合流 [Pipe036]
HOT.IN,双开口扳手,找到无碰撞包络姿态,120,30,是,
HOT.TV1,双开口扳手,未找到无碰撞包络姿态,135,315,否,主液热供分配（CH-301） [HotHeader]；活接固定端与反力六角（HOT.DI） [UnionBody_HOT_DI]；活接可旋转螺母（HOT.DI） [UnionNut_HOT_DI]
HOT.AH,双开口扳手,未找到无碰撞包络姿态,135,315,否,主冷却液管路025｜HX-201·双壁氢伴热器—CR-301·主液回流汇集 [Pipe025]
HOT.HH,双开口扳手,未找到无碰撞包络姿态,45,225,否,70节电堆·端板拉杆（STK-101） [Stack]
HOT.SEP,双开口扳手,未找到无碰撞包络姿态,45,225,否,活接可旋转螺母（HOT.IN） [UnionNut_HOT_IN]；主冷却液管路034｜TV-301·余热分配三通—TV-302·散热旁通三通 [Pipe034]
HOT.DI,双开口扳手,未找到无碰撞包络姿态,75,255,否,70节电堆·端板拉杆（STK-101） [Stack]；低压缓冲计量切断（H2-201） [Mix]
RET.MP,双开口扳手,未找到无碰撞包络姿态,45,225,否,板翅空气调温器（HX-101） [AirHX]；主液回流汇集（CR-301） [ReturnHeader]；活接固定端与反力六角（RET.HH） [UnionBody_RET_HH]；活接可旋转螺母（RET.HH） [UnionNut_RET_HH]
RET.TV2,双开口扳手,未找到无碰撞包络姿态,90,270,否,主液回流汇集（CR-301） [ReturnHeader]；床路回流阀组（BR-401） [BedReturn]；活接固定端与反力六角（RET.SEP） [UnionBody_RET_SEP]；活接可旋转螺母（RET.SEP） [UnionNut_RET_SEP]；活接固定端与反力六角（BR.201） [UnionBody_BR_201]；活接管侧端与承压凸缘（BR.201） [UnionTail_BR_201]；活接端面密封圈（BR.201） [UnionSeal_BR_201]；活接可旋转螺母（BR.201） [UnionNut_BR_201]；活接端面密封圈（BR.TK） [UnionSeal_BR_TK]；储氢床冷却液管路038｜固态储氢模块（MH201）—BR-401·床路回流阀组 [Pipe038]；储氢床冷却液管路033｜TK-401·独立次路膨胀罐—BR-401·床路回流阀组 [Pipe033]
RET.TK,双开口扳手,未找到无碰撞包络姿态,240,60,否,床路回流阀组（BR-401） [BedReturn]；双级减压·切断·比例·止回（REG-205） [Reg205]；活接固定端与反力六角（AH.E） [UnionBody_AH_E]；活接固定端与反力六角（BR.201） [UnionBody_BR_201]；活接管侧端与承压凸缘（BR.201） [UnionTail_BR_201]；活接端面密封圈（BR.201） [UnionSeal_BR_201]；活接可旋转螺母（BR.201） [UnionNut_BR_201]；储氢床冷却液管路038｜固态储氢模块（MH201）—BR-401·床路回流阀组 [Pipe038]；储氢床冷却液管路042｜固态储氢模块（MH202）—BR-401·床路回流阀组 [Pipe042]
RET.AH,双开口扳手,未找到无碰撞包络姿态,285,105,否,六路止回合流（HM-201） [HydrogenHeader]；双级减压·切断·比例·止回（REG-205） [Reg205]；活接固定端与反力六角（AH.E） [UnionBody_AH_E]
RET.HH,双开口扳手,未找到无碰撞包络姿态,30,210,否,板翅空气调温器（HX-101） [AirHX]
RET.SEP,双开口扳手,未找到无碰撞包络姿态,315,135,否,主液回流汇集（CR-301） [ReturnHeader]；床路回流阀组（BR-401） [BedReturn]；空气接头固定半体（AH.I） [UnionBody_AH_I]；空气接头开口卡箍（AH.I） [UnionClamp_AH_I]；活接固定端与反力六角（RET.TV2） [UnionBody_RET_TV2]；活接可旋转螺母（RET.TV2） [UnionNut_RET_TV2]；活接固定端与反力六角（BR.REG） [UnionBody_BR_REG]；活接可旋转螺母（BR.REG） [UnionNut_BR_REG]
RET.DI,双开口扳手,未找到无碰撞包络姿态,285,105,否,主液回流汇集（CR-301） [ReturnHeader]；床路回流阀组（BR-401） [BedReturn]；活接固定端与反力六角（AH.F） [UnionBody_AH_F]；活接固定端与反力六角（RET.TK） [UnionBody_RET_TK]；活接可旋转螺母（RET.TK） [UnionNut_RET_TK]；活接固定端与反力六角（BR.203） [UnionBody_BR_203]；活接管侧端与承压凸缘（BR.203） [UnionTail_BR_203]；活接端面密封圈（BR.203） [UnionSeal_BR_203]；活接可旋转螺母（BR.203） [UnionNut_BR_203]；储氢床冷却液管路046｜固态储氢模块（MH203）—BR-401·床路回流阀组 [Pipe046]
BS.IN,双开口扳手,未找到无碰撞包络姿态,225,45,否,床路选择阀组（BS-401） [BedSupply]；储氢床冷却液管路055｜BS-401·床路选择阀组—REG-205·双级减压·切断·比例·止回 [Pipe055]
BS.201,双开口扳手,找到无碰撞包络姿态,210,150,是,
BS.202,双开口扳手,未找到无碰撞包络姿态,285,105,否,活接固定端与反力六角（HM.204） [UnionBody_HM_204]；活接可旋转螺母（HM.204） [UnionNut_HM_204]
BS.203,双开口扳手,未找到无碰撞包络姿态,315,135,否,独立主路膨胀罐（TK-301） [TKmain]
BS.204,双开口扳手,未找到无碰撞包络姿态,255,75,否,湿氢循环泵（HCP-201） [Recirc]；床路选择阀组（BS-401） [BedSupply]；活接固定端与反力六角（BS.IN） [UnionBody_BS_IN]；活接可旋转螺母（BS.IN） [UnionNut_BS_IN]
BS.REG,双开口扳手,未找到无碰撞包络姿态,315,135,否,活接固定端与反力六角（BS.201） [UnionBody_BS_201]；活接可旋转螺母（BS.201） [UnionNut_BS_201]
BR.OUT,双开口扳手,未找到无碰撞包络姿态,150,330,否,70节电堆·端板拉杆（STK-101） [Stack]；储氢床冷却液管路041｜BS-401·床路选择阀组—固态储氢模块（MH202） [Pipe041]；储氢床冷却液管路042｜固态储氢模块（MH202）—BR-401·床路回流阀组 [Pipe042]
BR.201,双开口扳手,未找到无碰撞包络姿态,105,285,否,床路回流阀组（BR-401） [BedReturn]；活接固定端与反力六角（BR.TK） [UnionBody_BR_TK]；活接可旋转螺母（BR.TK） [UnionNut_BR_TK]；氢气管路051｜气态储氢瓶（GH205，35兆帕，概念容量22.174升）—REG-205·双级减压·切断·比例·止回 [Pipe051]
BR.202,双开口扳手,未找到无碰撞包络姿态,30,210,否,储氢床冷却液管路042｜固态储氢模块（MH202）—BR-401·床路回流阀组 [Pipe042]
BR.203,双开口扳手,未找到无碰撞包络姿态,30,210,否,活接固定端与反力六角（HM.205） [UnionBody_HM_205]；活接可旋转螺母（HM.205） [UnionNut_HM_205]；储氢床冷却液管路041｜BS-401·床路选择阀组—固态储氢模块（MH202） [Pipe041]；氢气管路051｜气态储氢瓶（GH205，35兆帕，概念容量22.174升）—REG-205·双级减压·切断·比例·止回 [Pipe051]；储氢床冷却液管路042｜固态储氢模块（MH202）—BR-401·床路回流阀组 [Pipe042]
BR.204,双开口扳手,未找到无碰撞包络姿态,15,195,否,70节电堆·端板拉杆（STK-101） [Stack]；活接可旋转螺母（RET.TK） [UnionNut_RET_TK]
BR.TK,双开口扳手,未找到无碰撞包络姿态,15,195,否,床路回流阀组（BR-401） [BedReturn]；活接端面密封圈（BR.OUT） [UnionSeal_BR_OUT]；活接端面密封圈（BR.204） [UnionSeal_BR_204]；储氢床冷却液管路032｜BR-401·床路回流阀组—P-401·床泵·15升/分钟 [Pipe032]；储氢床冷却液管路050｜固态储氢模块（MH204）—BR-401·床路回流阀组 [Pipe050]
BR.REG,双开口扳手,未找到无碰撞包络姿态,60,240,否,双级减压·切断·比例·止回（REG-205） [Reg205]；活接固定端与反力六角（BR.202） [UnionBody_BR_202]；活接管侧端与承压凸缘（BR.202） [UnionTail_BR_202]；活接端面密封圈（BR.202） [UnionSeal_BR_202]；氢气管路039｜固态储氢模块（MH202）—XV/PCV/CV-202·床支路隔离比例止回 [Pipe039]
HM.201,双开口扳手,未找到无碰撞包络姿态,135,315,否,储氢床冷却液管路045｜BS-401·床路选择阀组—固态储氢模块（MH203） [Pipe045]；储氢床冷却液管路049｜BS-401·床路选择阀组—固态储氢模块（MH204） [Pipe049]
HM.202,双开口扳手,未找到无碰撞包络姿态,45,225,否,氢气管路047｜固态储氢模块（MH204）—XV/PCV/CV-204·床支路隔离比例止回 [Pipe047]；储氢床冷却液管路049｜BS-401·床路选择阀组—固态储氢模块（MH204） [Pipe049]
HM.203,双开口扳手,找到无碰撞包络姿态,135,315,否,
HM.204,双开口扳手,找到无碰撞包络姿态,135,315,否,
HM.205,双开口扳手,未找到无碰撞包络姿态,105,285,否,双级减压·切断·比例·止回（REG-205） [Reg205]；活接固定端与反力六角（HM.201） [UnionBody_HM_201]；活接管侧端与承压凸缘（HM.201） [UnionTail_HM_201]；活接端面密封圈（HM.201） [UnionSeal_HM_201]；活接可旋转螺母（HM.201） [UnionNut_HM_201]
HM.206,双开口扳手,未找到无碰撞包络姿态,225,45,否,活接管侧端与承压凸缘（BS.202） [UnionTail_BS_202]；活接端面密封圈（BS.202） [UnionSeal_BS_202]；活接可旋转螺母（BS.202） [UnionNut_BS_202]；储氢床冷却液管路041｜BS-401·床路选择阀组—固态储氢模块（MH202） [Pipe041]
HM.OUT,双开口扳手,未找到无碰撞包络姿态,150,330,否,六路止回合流（HM-201） [HydrogenHeader]；活接端面密封圈（HM.204） [UnionSeal_HM_204]；氢气管路048｜XV/PCV/CV-204·床支路隔离比例止回—HM-201·六路止回合流 [Pipe048]
RAD.I,双开口扳手,找到无碰撞包络姿态,0,180,否,
RAD.O,双开口扳手,找到无碰撞包络姿态,0,270,是,
V201.I,双开口扳手,找到无碰撞包络姿态,225,315,是,
V201.O,双开口扳手,找到无碰撞包络姿态,165,345,否,
V202.I,双开口扳手,未找到无碰撞包络姿态,180,0,否,去离子旁路（DI-301） [DI]；活接固定端与反力六角（V202.O） [UnionBody_V202_O]；活接管侧端与承压凸缘（V202.O） [UnionTail_V202_O]；活接端面密封圈（V202.O） [UnionSeal_V202_O]；活接可旋转螺母（V202.O） [UnionNut_V202_O]
V202.O,双开口扳手,找到无碰撞包络姿态,150,240,是,
V203.I,双开口扳手,未找到无碰撞包络姿态,240,60,否,床支路隔离比例止回（XV/PCV/CV-201） [Train201]；活接固定端与反力六角（V201.O） [UnionBody_V201_O]；活接管侧端与承压凸缘（V201.O） [UnionTail_V201_O]；活接端面密封圈（V201.O） [UnionSeal_V201_O]；氢气管路036｜XV/PCV/CV-201·床支路隔离比例止回—HM-201·六路止回合流 [Pipe036]
V203.O,双开口扳手,找到无碰撞包络姿态,165,225,是,
V204.I,双开口扳手,未找到无碰撞包络姿态,30,210,否,湿氢循环泵（HCP-201） [Recirc]；去离子旁路（DI-301） [DI]
V204.O,双开口扳手,找到无碰撞包络姿态,165,225,是,
REG205.I,双开口扳手,找到无碰撞包络姿态,45,225,否,
REG205.O,双开口扳手,找到无碰撞包络姿态,225,135,是,
REG205.PRD,双开口扳手,未找到无碰撞包络姿态,15,195,否,氢气管路006｜HM-201·六路止回合流—HX-201·双壁氢伴热器 [Pipe006]
REG205.S,双开口扳手,未找到无碰撞包络姿态,30,210,否,氢气管路006｜HM-201·六路止回合流—HX-201·双壁氢伴热器 [Pipe006]；空气管路058｜AF-101·外界进气滤清器·双腔壳体—外界进气接口 [Pipe058]
REG205.R,双开口扳手,未找到无碰撞包络姿态,195,15,否,储氢床冷却液管路055｜BS-401·床路选择阀组—REG-205·双级减压·切断·比例·止回 [Pipe055]
REG206.I,双开口扳手,找到无碰撞包络姿态,180,0,否,
REG206.O,双开口扳手,找到无碰撞包络姿态,180,120,是,
REG206.PRD,双开口扳手,找到无碰撞包络姿态,75,165,是,
REG206.S,双开口扳手,未找到无碰撞包络姿态,30,210,否,氢气管路054｜REG-206·双级减压·切断·比例·止回—HM-201·六路止回合流 [Pipe054]；氢气管路035｜固态储氢模块（MH201）—XV/PCV/CV-201·床支路隔离比例止回 [Pipe035]
REG206.R,双开口扳手,未找到无碰撞包络姿态,210,30,否,氢气管路035｜固态储氢模块（MH201）—XV/PCV/CV-201·床支路隔离比例止回 [Pipe035]
TV2.SHORT,双开口扳手,找到无碰撞包络姿态,0,180,否,
AIR_IN.PORT,双套筒,找到无碰撞包络姿态,75,,否,
AIR_OUT.PORT,双套筒,找到无碰撞包络姿态,15,,否,
PURGE.PORT,双开口扳手,找到无碰撞包络姿态,165,225,是,
VENT205.PORT,双开口扳手,未找到无碰撞包络姿态,330,150,否,气瓶206安全放散外接管 [External_VENT206]
VENT206.PORT,双开口扳手,未找到无碰撞包络姿态,30,210,否,电气层独立支柱003 [PowerRackPost_3]
BED_FILL.PORT,双开口扳手,找到无碰撞包络姿态,30,210,否,
